<?xml version="1.0" encoding="UTF-8"?>

<!-- generated on 2025-10-04 17:13:09.452965 by osmWebWizard.py v1_24_0+0000-b72eb3fabc8
<configuration>
    <net-file value="C:\Users\visco\Sumo\2025-10-04-17-12-56\osm.net.xml.gz"/>
    <output-trip-file value="C:\Users\visco\Sumo\2025-10-04-17-12-56\osm.passenger.trips.xml"/>
    <route-file value="C:\Users\visco\Sumo\2025-10-04-17-12-56\osm.passenger.rou.xml"/>
    <prefix value="veh"/>
    <trip-attributes value="departLane=&quot;best&quot;"/>
    <fringe-start-attributes value="departSpeed=&quot;max&quot;"/>
    <vehicle-class value="passenger"/>
    <lanes value="True"/>
    <fringe-factor value="5"/>
    <allow-fringe.min-length value="1000.0"/>
    <edge-permission value="passenger"/>
    <via-edge-types value="highway.motorway,highway.motorway_link,highway.trunk_link,highway.primary_link,highway.secondary_link,highway.tertiary_link"/>
    <min-distance value="300.0"/>
    <min-distance.fringe value="10.0"/>
    <remove-loops value="True"/>
    <insertion-density value="12.0"/>
</configuration>
-->

<routes xmlns:xsi="http://www.w3.org/2001/XMLSchema-instance" xsi:noNamespaceSchemaLocation="http://sumo.dlr.de/xsd/routes_file.xsd">
    <vType id="veh_passenger" vClass="passenger"/>
    <trip id="veh0" depart="0.00" from="-550432836" to="-548370033#0" departLane="best" type="veh_passenger"/>
    <trip id="veh1" depart="5.86" from="548917388#0" to="-14947682" departLane="best" type="veh_passenger"/>
    <trip id="veh2" depart="11.72" from="134807808#0" to="-1192355872#0" departLane="best" type="veh_passenger" departSpeed="max"/>
    <trip id="veh3" depart="17.58" from="-1113744422#1" to="-4803560#0" departLane="best" type="veh_passenger"/>
    <trip id="veh4" depart="23.44" from="334810149#1" to="27361348#0" departLane="best" type="veh_passenger"/>
    <trip id="veh5" depart="29.30" from="5074558#1" to="-1055373034#4" departLane="best" type="veh_passenger"/>
    <trip id="veh6" depart="35.16" from="501215198#4" to="4495228#2" departLane="best" type="veh_passenger"/>
    <trip id="veh7" depart="41.02" from="10418400#1" to="-332455399#1" departLane="best" type="veh_passenger"/>
    <trip id="veh8" depart="46.88" from="-147759323#3" to="-15677258#0" departLane="best" type="veh_passenger"/>
    <trip id="veh9" depart="52.73" from="543698047" to="334810150#1" departLane="best" type="veh_passenger"/>
    <trip id="veh10" depart="58.59" from="506482101#1" to="4596401#1" departLane="best" type="veh_passenger"/>
    <trip id="veh11" depart="64.45" from="15801838#0" to="860373108#0" departLane="best" type="veh_passenger"/>
    <trip id="veh12" depart="70.31" from="11667106#0" to="28128202#2" departLane="best" type="veh_passenger" departSpeed="max"/>
    <trip id="veh13" depart="76.17" from="526016640#2" to="33694459#1" departLane="best" type="veh_passenger"/>
    <trip id="veh14" depart="82.03" from="546792881#0" to="32120551" departLane="best" type="veh_passenger"/>
    <trip id="veh15" depart="87.89" from="398028000#1" to="-1344040643" departLane="best" type="veh_passenger"/>
    <trip id="veh16" depart="93.75" from="-4576428#1" to="10418321#1" departLane="best" type="veh_passenger" departSpeed="max"/>
    <trip id="veh17" depart="99.61" from="-146545821#1" to="-550432841#1" departLane="best" type="veh_passenger"/>
    <trip id="veh18" depart="105.47" from="-15677258#1" to="-942456034#1" departLane="best" type="veh_passenger"/>
    <trip id="veh19" depart="111.33" from="332455374#2" to="128840098#1" departLane="best" type="veh_passenger"/>
    <trip id="veh20" depart="117.19" from="1163565846#1" to="-536841066" departLane="best" type="veh_passenger"/>
    <trip id="veh21" depart="123.05" from="-548370033#1" to="64659700" departLane="best" type="veh_passenger"/>
    <trip id="veh22" depart="128.91" from="-31020419#2" to="4592657#1" departLane="best" type="veh_passenger" departSpeed="max"/>
    <trip id="veh23" depart="134.77" from="-28630236#1" to="1367076582#1" departLane="best" type="veh_passenger"/>
    <trip id="veh24" depart="140.63" from="20020535#5" to="4440330#0" departLane="best" type="veh_passenger"/>
    <trip id="veh25" depart="146.49" from="-4596504" to="-1227184777#0" departLane="best" type="veh_passenger" departSpeed="max"/>
    <trip id="veh26" depart="152.35" from="-82086620#1" to="-86145639#0" departLane="best" type="veh_passenger"/>
    <trip id="veh27" depart="158.20" from="-4440330#0" to="722646198" departLane="best" type="veh_passenger"/>
    <trip id="veh28" depart="164.06" from="548370030#0" to="112168940#1" departLane="best" type="veh_passenger"/>
    <trip id="veh29" depart="169.92" from="571372263#0" to="15677510#6" departLane="best" type="veh_passenger" departSpeed="max"/>
    <trip id="veh30" depart="175.78" from="-548370032" to="-5772335#2" departLane="best" type="veh_passenger"/>
    <trip id="veh31" depart="181.64" from="218931349#1" to="-860373105#1" departLane="best" type="veh_passenger"/>
    <trip id="veh32" depart="187.50" from="24232445#3" to="576862392#4" departLane="best" type="veh_passenger"/>
    <trip id="veh33" depart="193.36" from="11917063" to="-548134627#1" departLane="best" type="veh_passenger" departSpeed="max"/>
    <trip id="veh34" depart="199.22" from="975977035#1" to="24232446#3" departLane="best" type="veh_passenger"/>
    <trip id="veh35" depart="205.08" from="-147692716#1" to="-134807808#0" departLane="best" type="veh_passenger"/>
    <trip id="veh36" depart="210.94" from="-218931349#0" to="341018763#2" departLane="best" type="veh_passenger"/>
    <trip id="veh37" depart="216.80" from="4730408#2" to="146977950#1" departLane="best" type="veh_passenger"/>
    <trip id="veh38" depart="222.66" from="-13949345#2" to="138424023#2" departLane="best" type="veh_passenger"/>
    <trip id="veh39" depart="228.52" from="860373105#3" to="548917388#0" departLane="best" type="veh_passenger"/>
    <trip id="veh40" depart="234.38" from="-1055373034#5" to="4495265#8" departLane="best" type="veh_passenger" departSpeed="max"/>
    <trip id="veh41" depart="240.24" from="-218931349#2" to="147759323#1" departLane="best" type="veh_passenger"/>
    <trip id="veh42" depart="246.10" from="13952186#0" to="7972686#0" departLane="best" type="veh_passenger" departSpeed="max"/>
    <trip id="veh43" depart="251.96" from="548370030#0" to="-860373105#1" departLane="best" type="veh_passenger"/>
    <trip id="veh44" depart="257.81" from="147692714" to="-4393002#7" departLane="best" type="veh_passenger"/>
    <trip id="veh45" depart="263.67" from="565560611#2" to="559462241#1" departLane="best" type="veh_passenger"/>
    <trip id="veh46" depart="269.53" from="-5944809" to="374407129#3" departLane="best" type="veh_passenger" departSpeed="max"/>
    <trip id="veh47" depart="275.39" from="28128202#1" to="-332455382#0" departLane="best" type="veh_passenger"/>
    <trip id="veh48" depart="281.25" from="4495229#4" to="27361257" departLane="best" type="veh_passenger"/>
    <trip id="veh49" depart="287.11" from="4576428#1" to="26127384#1" departLane="best" type="veh_passenger"/>
    <trip id="veh50" depart="292.97" from="-1056345547" to="6068757" departLane="best" type="veh_passenger"/>
    <trip id="veh51" depart="298.83" from="548370032" to="548134623#1" departLane="best" type="veh_passenger"/>
    <trip id="veh52" depart="304.69" from="-623571872" to="-145204590#0" departLane="best" type="veh_passenger" departSpeed="max"/>
    <trip id="veh53" depart="310.55" from="-146978661#2" to="23920557#1" departLane="best" type="veh_passenger" departSpeed="max"/>
    <trip id="veh54" depart="316.41" from="-1411243431" to="5074558#1" departLane="best" type="veh_passenger" departSpeed="max"/>
    <trip id="veh55" depart="322.27" from="4495236#0" to="-248669676#0" departLane="best" type="veh_passenger"/>
    <trip id="veh56" depart="328.13" from="145204590#1" to="27405403#0" departLane="best" type="veh_passenger"/>
    <trip id="veh57" depart="333.99" from="-548370032" to="559462245" departLane="best" type="veh_passenger"/>
    <trip id="veh58" depart="339.85" from="134807808#0" to="-543129619#0" departLane="best" type="veh_passenger" departSpeed="max"/>
    <trip id="veh59" depart="345.71" from="15801863#1" to="4596401#1" departLane="best" type="veh_passenger"/>
    <trip id="veh60" depart="351.57" from="-4398888#1" to="10750844#1" departLane="best" type="veh_passenger" departSpeed="max"/>
    <trip id="veh61" depart="357.42" from="968872143" to="38892916#7" departLane="best" type="veh_passenger"/>
    <trip id="veh62" depart="363.28" from="-23920557#9" to="-548529065" departLane="best" type="veh_passenger"/>
    <trip id="veh63" depart="369.14" from="10418288#2" to="332455377#8" departLane="best" type="veh_passenger"/>
    <trip id="veh64" depart="375.00" from="-4596504" to="-548134627#1" departLane="best" type="veh_passenger" departSpeed="max"/>
    <trip id="veh65" depart="380.86" from="-4596504" to="5772335#3" departLane="best" type="veh_passenger" departSpeed="max"/>
    <trip id="veh66" depart="386.72" from="544415712#2" to="-146778074#0" departLane="best" type="veh_passenger"/>
    <trip id="veh67" depart="392.58" from="-5183081#1" to="4376124" departLane="best" type="veh_passenger"/>
    <trip id="veh68" depart="398.44" from="-4480948#0" to="-24978203#0" departLane="best" type="veh_passenger"/>
    <trip id="veh69" depart="404.30" from="601313558#0" to="31020072#1" departLane="best" type="veh_passenger"/>
    <trip id="veh70" depart="410.16" from="14389891#0" to="526016653#4" departLane="best" type="veh_passenger"/>
    <trip id="veh71" depart="416.02" from="506482101#1" to="-4495236#0" departLane="best" type="veh_passenger"/>
    <trip id="veh72" depart="421.88" from="-14947691#3" to="147636174#1" departLane="best" type="veh_passenger"/>
    <trip id="veh73" depart="427.74" from="134807808#0" to="172222118#3" departLane="best" type="veh_passenger" departSpeed="max"/>
    <trip id="veh74" depart="433.60" from="4376121#0" to="43815227#1" departLane="best" type="veh_passenger" departSpeed="max"/>
    <trip id="veh75" depart="439.46" from="92142136" to="-15677510#1" departLane="best" type="veh_passenger"/>
    <trip id="veh76" depart="445.32" from="11943595#1" to="11916106#0" departLane="best" type="veh_passenger"/>
    <trip id="veh77" depart="451.18" from="-398028000#1" to="15675937#0" departLane="best" type="veh_passenger"/>
    <trip id="veh78" depart="457.04" from="134807808#0" to="-942456034#2" departLane="best" type="veh_passenger" departSpeed="max"/>
    <trip id="veh79" depart="462.89" from="-536841066" to="60447878" departLane="best" type="veh_passenger"/>
    <trip id="veh80" depart="468.75" from="138424035#1" to="548917390#1" departLane="best" type="veh_passenger"/>
    <trip id="veh81" depart="474.61" from="20020535#0" to="-134807808#2" departLane="best" type="veh_passenger" departSpeed="max"/>
    <trip id="veh82" depart="480.47" from="9883506#0" to="548134627#0" departLane="best" type="veh_passenger"/>
    <trip id="veh83" depart="486.33" from="860373105#0" to="6068757" departLane="best" type="veh_passenger"/>
    <trip id="veh84" depart="492.19" from="543888804#0" to="-374546587#1" departLane="best" type="veh_passenger"/>
    <trip id="veh85" depart="498.05" from="1192355872#0" to="-145204590#0" departLane="best" type="veh_passenger"/>
    <trip id="veh86" depart="503.91" from="11667106#0" to="92142139" departLane="best" type="veh_passenger" departSpeed="max"/>
    <trip id="veh87" depart="509.77" from="-548370033#0" to="526016652#1" departLane="best" type="veh_passenger"/>
    <trip id="veh88" depart="515.63" from="13952186#0" to="146977950#3" departLane="best" type="veh_passenger" departSpeed="max"/>
    <trip id="veh89" depart="521.49" from="7972686#0" to="968872143" departLane="best" type="veh_passenger"/>
    <trip id="veh90" depart="527.35" from="20020535#3" to="4495265#10" departLane="best" type="veh_passenger"/>
    <trip id="veh91" depart="533.21" from="-27361348#1" to="1042406838#0" departLane="best" type="veh_passenger" departSpeed="max"/>
    <trip id="veh92" depart="539.07" from="860373105#0" to="32120551" departLane="best" type="veh_passenger"/>
    <trip id="veh93" depart="544.93" from="190714064#0" to="4730416#0" departLane="best" type="veh_passenger"/>
    <trip id="veh94" depart="550.79" from="147759323#0" to="548370035#0" departLane="best" type="veh_passenger"/>
    <trip id="veh95" depart="556.65" from="248669676#0" to="4393002#0" departLane="best" type="veh_passenger"/>
    <trip id="veh96" depart="562.50" from="-4803559#1" to="-24035649#2" departLane="best" type="veh_passenger"/>
    <trip id="veh97" depart="568.36" from="548529065" to="-5772335#1" departLane="best" type="veh_passenger"/>
    <trip id="veh98" depart="574.22" from="129783192" to="332455374#2" departLane="best" type="veh_passenger"/>
    <trip id="veh99" depart="580.08" from="15675937#0" to="623571872" departLane="best" type="veh_passenger"/>
    <trip id="veh100" depart="585.94" from="-4398888#1" to="4495265#1" departLane="best" type="veh_passenger" departSpeed="max"/>
    <trip id="veh101" depart="591.80" from="-5183081#1" to="141885659#1" departLane="best" type="veh_passenger"/>
    <trip id="veh102" depart="597.66" from="33695402#1" to="1055373034#3" departLane="best" type="veh_passenger"/>
    <trip id="veh103" depart="603.52" from="-860373105#0" to="501215198#0" departLane="best" type="veh_passenger"/>
    <trip id="veh104" depart="609.38" from="-141885660#3" to="15677510#5" departLane="best" type="veh_passenger"/>
    <trip id="veh105" depart="615.24" from="975977035#3" to="970871269#0" departLane="best" type="veh_passenger"/>
    <trip id="veh106" depart="621.10" from="-14389891#0" to="-543698042" departLane="best" type="veh_passenger"/>
    <trip id="veh107" depart="626.96" from="-548370033#0" to="623571872" departLane="best" type="veh_passenger"/>
    <trip id="veh108" depart="632.82" from="548370033#0" to="559462248#0" departLane="best" type="veh_passenger"/>
    <trip id="veh109" depart="638.68" from="1163565846#1" to="-33695402#1" departLane="best" type="veh_passenger"/>
    <trip id="veh110" depart="644.54" from="526016660#0" to="4495229#2" departLane="best" type="veh_passenger"/>
    <trip id="veh111" depart="650.40" from="28128202#3" to="942285773#0" departLane="best" type="veh_passenger"/>
    <trip id="veh112" depart="656.26" from="33693780#8" to="651999512#0" departLane="best" type="veh_passenger"/>
    <trip id="veh113" depart="662.12" from="-190714064#0" to="28128202#3" departLane="best" type="veh_passenger"/>
    <trip id="veh114" depart="667.97" from="-549356141#0" to="334810150#3" departLane="best" type="veh_passenger"/>
    <trip id="veh115" depart="673.83" from="43523176#0" to="-5183081#1" departLane="best" type="veh_passenger" departSpeed="max"/>
    <trip id="veh116" depart="679.69" from="332455374#0" to="-860373105#3" departLane="best" type="veh_passenger"/>
    <trip id="veh117" depart="685.55" from="146977950#1" to="5772335#3" departLane="best" type="veh_passenger"/>
    <trip id="veh118" depart="691.41" from="543698043#1" to="-14947691#2" departLane="best" type="veh_passenger"/>
    <trip id="veh119" depart="697.27" from="134807808#0" to="-942348910#0" departLane="best" type="veh_passenger" departSpeed="max"/>
    <trip id="veh120" depart="703.13" from="-10418400#1" to="521436340#1" departLane="best" type="veh_passenger"/>
    <trip id="veh121" depart="708.99" from="332455377#10" to="-860373105#0" departLane="best" type="veh_passenger"/>
    <trip id="veh122" depart="714.85" from="4398897" to="28128202#2" departLane="best" type="veh_passenger"/>
    <trip id="veh123" depart="720.71" from="136125313#4" to="-10678336#2" departLane="best" type="veh_passenger"/>
    <trip id="veh124" depart="726.57" from="-14389891#3" to="559462254#0" departLane="best" type="veh_passenger" departSpeed="max"/>
    <trip id="veh125" depart="732.43" from="559462248#0" to="27361348#0" departLane="best" type="veh_passenger"/>
    <trip id="veh126" depart="738.29" from="526016660#1" to="332455374#0" departLane="best" type="veh_passenger"/>
    <trip id="veh127" depart="744.15" from="-26647215" to="-24444507#1" departLane="best" type="veh_passenger"/>
    <trip id="veh128" depart="750.01" from="4730416#0" to="548917388#0" departLane="best" type="veh_passenger"/>
    <trip id="veh129" depart="755.87" from="550432837#0" to="-543129612#0" departLane="best" type="veh_passenger"/>
    <trip id="veh130" depart="761.73" from="-536841066" to="-190714064#0" departLane="best" type="veh_passenger"/>
    <trip id="veh131" depart="767.58" from="4576433#0" to="559462254#1" departLane="best" type="veh_passenger" departSpeed="max"/>
    <trip id="veh132" depart="773.44" from="123171014#2" to="33694486#2" departLane="best" type="veh_passenger"/>
    <trip id="veh133" depart="779.30" from="-27361348#1" to="609220454#1" departLane="best" type="veh_passenger" departSpeed="max"/>
    <trip id="veh134" depart="785.16" from="548134622#0" to="86145639#0" departLane="best" type="veh_passenger"/>
    <trip id="veh135" depart="791.02" from="5074558#4" to="559462250#1" departLane="best" type="veh_passenger"/>
    <trip id="veh136" depart="796.88" from="4803560#1" to="549356141#1" departLane="best" type="veh_passenger"/>
    <trip id="veh137" depart="802.74" from="5074558#4" to="-86145637#1" departLane="best" type="veh_passenger"/>
    <trip id="veh138" depart="808.60" from="4627817#0" to="-218931349#3" departLane="best" type="veh_passenger" departSpeed="max"/>
    <trip id="veh139" depart="814.46" from="548370028#1" to="548529066#0" departLane="best" type="veh_passenger"/>
    <trip id="veh140" depart="820.32" from="-4495237#0" to="543888806#1" departLane="best" type="veh_passenger"/>
    <trip id="veh141" depart="826.18" from="141885660#2" to="1056324193#2" departLane="best" type="veh_passenger"/>
    <trip id="veh142" depart="832.04" from="4730416#0" to="-549356141#1" departLane="best" type="veh_passenger"/>
    <trip id="veh143" depart="837.90" from="-10750844#1" to="-4495236#1" departLane="best" type="veh_passenger"/>
    <trip id="veh144" depart="843.76" from="85428152#1" to="-942456035#0" departLane="best" type="veh_passenger"/>
    <trip id="veh145" depart="849.62" from="332455382#0" to="143722134#1" departLane="best" type="veh_passenger"/>
    <trip id="veh146" depart="855.48" from="60447877" to="-23920557#7" departLane="best" type="veh_passenger"/>
    <trip id="veh147" depart="861.34" from="860373105#1" to="-4393002#7" departLane="best" type="veh_passenger"/>
    <trip id="veh148" depart="867.19" from="4376121#0" to="1113744422#1" departLane="best" type="veh_passenger" departSpeed="max"/>
    <trip id="veh149" depart="873.05" from="27361257" to="24232448#0" departLane="best" type="veh_passenger"/>
    <trip id="veh150" depart="878.91" from="-543888833#1" to="4495237#0" departLane="best" type="veh_passenger"/>
    <trip id="veh151" depart="884.77" from="15801861#4" to="4495265#5" departLane="best" type="veh_passenger"/>
    <trip id="veh152" depart="890.63" from="4398897" to="4376124" departLane="best" type="veh_passenger"/>
    <trip id="veh153" depart="896.49" from="1147015971#0" to="-146778074#0" departLane="best" type="veh_passenger"/>
    <trip id="veh154" depart="902.35" from="33693780#8" to="1168931401#0" departLane="best" type="veh_passenger"/>
    <trip id="veh155" depart="908.21" from="-792703542#1" to="548370033#0" departLane="best" type="veh_passenger"/>
    <trip id="veh156" depart="914.07" from="43523176#0" to="1055373034#4" departLane="best" type="veh_passenger" departSpeed="max"/>
    <trip id="veh157" depart="919.93" from="11943595#1" to="1042405421#2" departLane="best" type="veh_passenger"/>
    <trip id="veh158" depart="925.79" from="-24035649#4" to="146977152#3" departLane="best" type="veh_passenger" departSpeed="max"/>
    <trip id="veh159" depart="931.65" from="609970356" to="4393002#4" departLane="best" type="veh_passenger"/>
    <trip id="veh160" depart="937.51" from="559462246#1" to="33693780#7" departLane="best" type="veh_passenger"/>
    <trip id="veh161" depart="943.37" from="-596103315#1" to="27390441" departLane="best" type="veh_passenger"/>
    <trip id="veh162" depart="949.23" from="-101482633#1" to="10418288#1" departLane="best" type="veh_passenger"/>
    <trip id="veh163" depart="955.09" from="1364281503" to="32120551" departLane="best" type="veh_passenger" departSpeed="max"/>
    <trip id="veh164" depart="960.95" from="138424023#2" to="-543698042" departLane="best" type="veh_passenger"/>
    <trip id="veh165" depart="966.81" from="145204589" to="576862392#6" departLane="best" type="veh_passenger"/>
    <trip id="veh166" depart="972.66" from="4730416#0" to="-43068084#1" departLane="best" type="veh_passenger"/>
    <trip id="veh167" depart="978.52" from="331553004#1" to="1169386963" departLane="best" type="veh_passenger"/>
    <trip id="veh168" depart="984.38" from="521436340#1" to="4803560#4" departLane="best" type="veh_passenger"/>
    <trip id="veh169" depart="990.24" from="33819459" to="-548529065" departLane="best" type="veh_passenger"/>
    <trip id="veh170" depart="996.10" from="-4393002#7" to="-11916106#0" departLane="best" type="veh_passenger"/>
    <trip id="veh171" depart="1001.96" from="543888804#0" to="-146778074#4" departLane="best" type="veh_passenger"/>
    <trip id="veh172" depart="1007.82" from="125860019#7" to="341018763#4" departLane="best" type="veh_passenger"/>
    <trip id="veh173" depart="1013.68" from="147633774#0" to="-571372263#0" departLane="best" type="veh_passenger" departSpeed="max"/>
    <trip id="veh174" depart="1019.54" from="33693780#1" to="-1055373034#3" departLane="best" type="veh_passenger"/>
    <trip id="veh175" depart="1025.40" from="-190714064#0" to="146978662#1" departLane="best" type="veh_passenger"/>
    <trip id="veh176" depart="1031.26" from="-332455382#2" to="8144498#1" departLane="best" type="veh_passenger" departSpeed="max"/>
    <trip id="veh177" depart="1037.12" from="14947691#2" to="-134807808#2" departLane="best" type="veh_passenger"/>
    <trip id="veh178" depart="1042.98" from="-536841066" to="548370033#0" departLane="best" type="veh_passenger"/>
    <trip id="veh179" depart="1048.84" from="13952186#1" to="532158277#1" departLane="best" type="veh_passenger"/>
    <trip id="veh180" depart="1054.70" from="33694486#1" to="942285773#0" departLane="best" type="veh_passenger"/>
    <trip id="veh181" depart="1060.56" from="248669678#0" to="77079364#1" departLane="best" type="veh_passenger"/>
    <trip id="veh182" depart="1066.42" from="548529066#0" to="33693780#5" departLane="best" type="veh_passenger"/>
    <trip id="veh183" depart="1072.27" from="43523176#0" to="24154402#2" departLane="best" type="veh_passenger" departSpeed="max"/>
    <trip id="veh184" depart="1078.13" from="526016651" to="27390441" departLane="best" type="veh_passenger"/>
    <trip id="veh185" depart="1083.99" from="550432833#0" to="4730409#2" departLane="best" type="veh_passenger"/>
    <trip id="veh186" depart="1089.85" from="145204590#1" to="-82086620#0" departLane="best" type="veh_passenger"/>
    <trip id="veh187" depart="1095.71" from="-532158277#1" to="374407129#2" departLane="best" type="veh_passenger"/>
    <trip id="veh188" depart="1101.57" from="4495236#0" to="24701197" departLane="best" type="veh_passenger"/>
    <trip id="veh189" depart="1107.43" from="31017529#0" to="-92142133" departLane="best" type="veh_passenger" departSpeed="max"/>
    <trip id="veh190" depart="1113.29" from="-145204590#1" to="10414497#2" departLane="best" type="veh_passenger"/>
    <trip id="veh191" depart="1119.15" from="-548917390#1" to="1163565846#1" departLane="best" type="veh_passenger" departSpeed="max"/>
    <trip id="veh192" depart="1125.01" from="172028056" to="-27405403#0" departLane="best" type="veh_passenger"/>
    <trip id="veh193" depart="1130.87" from="-4596504" to="4481729#2" departLane="best" type="veh_passenger" departSpeed="max"/>
    <trip id="veh194" depart="1136.73" from="123288237#3" to="27361348#0" departLane="best" type="veh_passenger"/>
    <trip id="veh195" depart="1142.59" from="12618874#0" to="-532158277#1" departLane="best" type="veh_passenger"/>
    <trip id="veh196" depart="1148.45" from="1322481692" to="5772335#2" departLane="best" type="veh_passenger"/>
    <trip id="veh197" depart="1154.31" from="11667106#0" to="-1055373034#3" departLane="best" type="veh_passenger" departSpeed="max"/>
    <trip id="veh198" depart="1160.17" from="1056215011#1" to="501215198#3" departLane="best" type="veh_passenger"/>
    <trip id="veh199" depart="1166.03" from="129783192" to="4730416#0" departLane="best" type="veh_passenger"/>
    <trip id="veh200" depart="1171.89" from="10414497#2" to="4394265#1" departLane="best" type="veh_passenger"/>
    <trip id="veh201" depart="1177.74" from="122970112#1" to="-371345227#0" departLane="best" type="veh_passenger"/>
    <trip id="veh202" depart="1183.60" from="143722134#3" to="-24444507#1" departLane="best" type="veh_passenger"/>
    <trip id="veh203" depart="1189.46" from="295864510#2" to="-11917063" departLane="best" type="veh_passenger"/>
    <trip id="veh204" depart="1195.32" from="-24232449#0" to="15801814#2" departLane="best" type="veh_passenger"/>
    <trip id="veh205" depart="1201.18" from="-125860019#7" to="1367076582#0" departLane="best" type="veh_passenger"/>
    <trip id="veh206" depart="1207.04" from="4495229#1" to="1367076582#1" departLane="best" type="veh_passenger"/>
    <trip id="veh207" depart="1212.90" from="-543698043#1" to="-147759323#1" departLane="best" type="veh_passenger" departSpeed="max"/>
    <trip id="veh208" depart="1218.76" from="9883506#1" to="123288237#10" departLane="best" type="veh_passenger"/>
    <trip id="veh209" depart="1224.62" from="334810149#1" to="526016640#1" departLane="best" type="veh_passenger"/>
    <trip id="veh210" depart="1230.48" from="75528930#2" to="-4803560#0" departLane="best" type="veh_passenger"/>
    <trip id="veh211" depart="1236.34" from="-10594647#1" to="-332455381" departLane="best" type="veh_passenger"/>
    <trip id="veh212" depart="1242.20" from="-24035649#2" to="4376124" departLane="best" type="veh_passenger"/>
    <trip id="veh213" depart="1248.06" from="-31017604#1" to="33693780#1" departLane="best" type="veh_passenger"/>
    <trip id="veh214" depart="1253.92" from="4479836#2" to="-23920557#5" departLane="best" type="veh_passenger"/>
    <trip id="veh215" depart="1259.78" from="521436340#1" to="82086621#2" departLane="best" type="veh_passenger"/>
    <trip id="veh216" depart="1265.64" from="-651999512#0" to="4393002#4" departLane="best" type="veh_passenger"/>
    <trip id="veh217" depart="1271.50" from="8030441#1" to="141885660#2" departLane="best" type="veh_passenger"/>
    <trip id="veh218" depart="1277.35" from="43523176#0" to="-147633771#1" departLane="best" type="veh_passenger" departSpeed="max"/>
    <trip id="veh219" depart="1283.21" from="-15677510#0" to="521436342#1" departLane="best" type="veh_passenger"/>
    <trip id="veh220" depart="1289.07" from="-23920557#9" to="92142133" departLane="best" type="veh_passenger"/>
    <trip id="veh221" depart="1294.93" from="4592656#0" to="123171014#1" departLane="best" type="veh_passenger"/>
    <trip id="veh222" depart="1300.79" from="543888804#0" to="544415710#1" departLane="best" type="veh_passenger"/>
    <trip id="veh223" depart="1306.65" from="-548917390#1" to="543129612#0" departLane="best" type="veh_passenger" departSpeed="max"/>
    <trip id="veh224" depart="1312.51" from="15801861#1" to="218931349#2" departLane="best" type="veh_passenger"/>
    <trip id="veh225" depart="1318.37" from="1364281503" to="4596504" departLane="best" type="veh_passenger" departSpeed="max"/>
    <trip id="veh226" depart="1324.23" from="-548529065" to="548370035#0" departLane="best" type="veh_passenger"/>
    <trip id="veh227" depart="1330.09" from="526016651" to="-14947682" departLane="best" type="veh_passenger"/>
    <trip id="veh228" depart="1335.95" from="548370033#1" to="-571372263#0" departLane="best" type="veh_passenger"/>
    <trip id="veh229" depart="1341.81" from="1421090666#0" to="33693780#3" departLane="best" type="veh_passenger" departSpeed="max"/>
    <trip id="veh230" depart="1347.67" from="11667106#0" to="-11917063" departLane="best" type="veh_passenger" departSpeed="max"/>
    <trip id="veh231" depart="1353.53" from="543888805" to="-4440330#0" departLane="best" type="veh_passenger"/>
    <trip id="veh232" depart="1359.39" from="-4440330#2" to="526016665#0" departLane="best" type="veh_passenger" departSpeed="max"/>
    <trip id="veh233" depart="1365.25" from="10418400#1" to="559462248#1" departLane="best" type="veh_passenger"/>
    <trip id="veh234" depart="1371.11" from="395173268#0" to="-942285773#0" departLane="best" type="veh_passenger" departSpeed="max"/>
    <trip id="veh235" depart="1376.96" from="-146978661#1" to="4495265#6" departLane="best" type="veh_passenger"/>
    <trip id="veh236" depart="1382.82" from="146977950#3" to="506653387#1" departLane="best" type="veh_passenger"/>
    <trip id="veh237" depart="1388.68" from="146978661#2" to="526016665#0" departLane="best" type="veh_passenger"/>
    <trip id="veh238" depart="1394.54" from="-147759323#3" to="-548370032" departLane="best" type="veh_passenger"/>
    <trip id="veh239" depart="1400.40" from="24154406#0" to="198488290#3" departLane="best" type="veh_passenger" departSpeed="max"/>
    <trip id="veh240" depart="1406.26" from="15677510#3" to="146978662#1" departLane="best" type="veh_passenger"/>
    <trip id="veh241" depart="1412.12" from="4440330#0" to="1168931401#0" departLane="best" type="veh_passenger"/>
    <trip id="veh242" depart="1417.98" from="395173268#0" to="-86145639#4" departLane="best" type="veh_passenger" departSpeed="max"/>
    <trip id="veh243" depart="1423.84" from="-543698043#1" to="-24154402#1" departLane="best" type="veh_passenger" departSpeed="max"/>
    <trip id="veh244" depart="1429.70" from="-43068084#1" to="-24035649#2" departLane="best" type="veh_passenger"/>
    <trip id="veh245" depart="1435.56" from="15801814#2" to="5074558#4" departLane="best" type="veh_passenger"/>
    <trip id="veh246" depart="1441.42" from="86145639#0" to="248669675#3" departLane="best" type="veh_passenger"/>
    <trip id="veh247" depart="1447.28" from="-559462245" to="-15677510#5" departLane="best" type="veh_passenger" departSpeed="max"/>
    <trip id="veh248" depart="1453.14" from="-43586070#0" to="-549356141#1" departLane="best" type="veh_passenger"/>
    <trip id="veh249" depart="1459.00" from="-332455399#1" to="-1099673480" departLane="best" type="veh_passenger"/>
    <trip id="veh250" depart="1464.86" from="15801814#0" to="-92142133" departLane="best" type="veh_passenger"/>
    <trip id="veh251" depart="1470.72" from="548370028#1" to="31020419#2" departLane="best" type="veh_passenger"/>
    <trip id="veh252" depart="1476.58" from="14389214#2" to="149233866#1" departLane="best" type="veh_passenger"/>
    <trip id="veh253" depart="1482.43" from="-35162769#1" to="-136617339#1" departLane="best" type="veh_passenger"/>
    <trip id="veh254" depart="1488.29" from="609970356" to="208809259#1" departLane="best" type="veh_passenger"/>
    <trip id="veh255" depart="1494.15" from="521441691#1" to="143722134#3" departLane="best" type="veh_passenger"/>
    <trip id="veh256" depart="1500.01" from="-14389891#3" to="341018763#4" departLane="best" type="veh_passenger" departSpeed="max"/>
    <trip id="veh257" depart="1505.87" from="-128840098#1" to="-31017529#0" departLane="best" type="veh_passenger" departSpeed="max"/>
    <trip id="veh258" depart="1511.73" from="218931349#2" to="1055373034#5" departLane="best" type="veh_passenger"/>
    <trip id="veh259" depart="1517.59" from="942456034#2" to="-24035649#0" departLane="best" type="veh_passenger"/>
    <trip id="veh260" depart="1523.45" from="4495230#1" to="33556413#2" departLane="best" type="veh_passenger"/>
    <trip id="veh261" depart="1529.31" from="15675937#0" to="15676320#0" departLane="best" type="veh_passenger"/>
    <trip id="veh262" depart="1535.17" from="138424023#2" to="548917386#1" departLane="best" type="veh_passenger"/>
    <trip id="veh263" depart="1541.03" from="29077447#2" to="33693780#3" departLane="best" type="veh_passenger"/>
    <trip id="veh264" depart="1546.89" from="-4398888#1" to="-543129619#0" departLane="best" type="veh_passenger" departSpeed="max"/>
    <trip id="veh265" depart="1552.75" from="-332455382#0" to="-146978661#1" departLane="best" type="veh_passenger"/>
    <trip id="veh266" depart="1558.61" from="-101482633#2" to="15676320#0" departLane="best" type="veh_passenger" departSpeed="max"/>
    <trip id="veh267" depart="1564.47" from="24701199#1" to="10418546#0" departLane="best" type="veh_passenger"/>
    <trip id="veh268" depart="1570.33" from="-4596504" to="4495231#1" departLane="best" type="veh_passenger" departSpeed="max"/>
    <trip id="veh269" depart="1576.19" from="395173268#0" to="15677258#0" departLane="best" type="veh_passenger" departSpeed="max"/>
    <trip id="veh270" depart="1582.04" from="374428778" to="6068757" departLane="best" type="veh_passenger" departSpeed="max"/>
    <trip id="veh271" depart="1587.90" from="4627817#1" to="33819458#1" departLane="best" type="veh_passenger"/>
    <trip id="veh272" depart="1593.76" from="33693780#6" to="623571872" departLane="best" type="veh_passenger"/>
    <trip id="veh273" depart="1599.62" from="134807808#2" to="27361348#0" departLane="best" type="veh_passenger"/>
    <trip id="veh274" depart="1605.48" from="525958045#3" to="-146778074#0" departLane="best" type="veh_passenger"/>
    <trip id="veh275" depart="1611.34" from="4479836#3" to="295864511" departLane="best" type="veh_passenger"/>
    <trip id="veh276" depart="1617.20" from="651999512#0" to="24035649#4" departLane="best" type="veh_passenger"/>
    <trip id="veh277" depart="1623.06" from="147633774#0" to="-147692716#0" departLane="best" type="veh_passenger" departSpeed="max"/>
    <trip id="veh278" depart="1628.92" from="-123288237#10" to="147692714" departLane="best" type="veh_passenger" departSpeed="max"/>
    <trip id="veh279" depart="1634.78" from="-86145639#1" to="-596103315#1" departLane="best" type="veh_passenger"/>
    <trip id="veh280" depart="1640.64" from="532158277#0" to="31241125" departLane="best" type="veh_passenger"/>
    <trip id="veh281" depart="1646.50" from="75528934#2" to="9883506#1" departLane="best" type="veh_passenger"/>
    <trip id="veh282" depart="1652.36" from="33819458#1" to="-86145639#3" departLane="best" type="veh_passenger"/>
    <trip id="veh283" depart="1658.22" from="24232446#1" to="35162947#1" departLane="best" type="veh_passenger"/>
    <trip id="veh284" depart="1664.08" from="147633771#0" to="-14947691#0" departLane="best" type="veh_passenger"/>
    <trip id="veh285" depart="1669.94" from="1053555711#0" to="1169386959#0" departLane="best" type="veh_passenger"/>
    <trip id="veh286" depart="1675.80" from="33695352#0" to="548529065" departLane="best" type="veh_passenger"/>
    <trip id="veh287" depart="1681.66" from="-942285773#0" to="4481729#1" departLane="best" type="veh_passenger"/>
    <trip id="veh288" depart="1687.51" from="-559462250#1" to="75528930#1" departLane="best" type="veh_passenger"/>
    <trip id="veh289" depart="1693.37" from="520140570#0" to="280963233" departLane="best" type="veh_passenger"/>
    <trip id="veh290" depart="1699.23" from="13952186#0" to="1113744422#3" departLane="best" type="veh_passenger" departSpeed="max"/>
    <trip id="veh291" depart="1705.09" from="942285773#0" to="43068084#0" departLane="best" type="veh_passenger"/>
    <trip id="veh292" depart="1710.95" from="4483927#0" to="33819459" departLane="best" type="veh_passenger" departSpeed="max"/>
    <trip id="veh293" depart="1716.81" from="20020535#0" to="6068757" departLane="best" type="veh_passenger" departSpeed="max"/>
    <trip id="veh294" depart="1722.67" from="1364502044" to="4495228#2" departLane="best" type="veh_passenger"/>
    <trip id="veh295" depart="1728.53" from="-24035647#1" to="860373108#0" departLane="best" type="veh_passenger"/>
    <trip id="veh296" depart="1734.39" from="28128202#1" to="-564121200" departLane="best" type="veh_passenger"/>
    <trip id="veh297" depart="1740.25" from="-27390441" to="28128202#1" departLane="best" type="veh_passenger" departSpeed="max"/>
    <trip id="veh298" depart="1746.11" from="20020535#0" to="-14947691#6" departLane="best" type="veh_passenger" departSpeed="max"/>
    <trip id="veh299" depart="1751.97" from="942456034#0" to="601313558#0" departLane="best" type="veh_passenger"/>
    <trip id="veh300" depart="1757.83" from="1419963610#0" to="-23920557#9" departLane="best" type="veh_passenger"/>
    <trip id="veh301" depart="1763.69" from="526016652#1" to="24035649#1" departLane="best" type="veh_passenger"/>
    <trip id="veh302" depart="1769.55" from="43523176#0" to="24232446#1" departLane="best" type="veh_passenger" departSpeed="max"/>
    <trip id="veh303" depart="1775.41" from="-549356141#1" to="548134625#2" departLane="best" type="veh_passenger"/>
    <trip id="veh304" depart="1781.27" from="86145639#4" to="-571372263#0" departLane="best" type="veh_passenger"/>
    <trip id="veh305" depart="1787.12" from="20020535#0" to="138424035#3" departLane="best" type="veh_passenger" departSpeed="max"/>
    <trip id="veh306" depart="1792.98" from="571372263#2" to="24232445#3" departLane="best" type="veh_passenger"/>
    <trip id="veh307" depart="1798.84" from="548370032" to="549356141#1" departLane="best" type="veh_passenger"/>
    <trip id="veh308" depart="1804.70" from="-550432840#0" to="526016665#0" departLane="best" type="veh_passenger"/>
    <trip id="veh309" depart="1810.56" from="125860019#8" to="623571872" departLane="best" type="veh_passenger"/>
    <trip id="veh310" depart="1816.42" from="148349696#0" to="543888898#1" departLane="best" type="veh_passenger"/>
    <trip id="veh311" depart="1822.28" from="-559462245" to="1055373034#1" departLane="best" type="veh_passenger" departSpeed="max"/>
    <trip id="veh312" depart="1828.14" from="24232447#0" to="9883506#0" departLane="best" type="veh_passenger" departSpeed="max"/>
    <trip id="veh313" depart="1834.00" from="146978660#0" to="-31017529#0" departLane="best" type="veh_passenger"/>
    <trip id="veh314" depart="1839.86" from="15801861#4" to="1226969318" departLane="best" type="veh_passenger"/>
    <trip id="veh315" depart="1845.72" from="20020535#0" to="27361348#0" departLane="best" type="veh_passenger" departSpeed="max"/>
    <trip id="veh316" depart="1851.58" from="13952186#0" to="1163565846#2" departLane="best" type="veh_passenger" departSpeed="max"/>
    <trip id="veh317" depart="1857.44" from="23920557#7" to="-559462246#1" departLane="best" type="veh_passenger"/>
    <trip id="veh318" depart="1863.30" from="4398951#1" to="4495229#5" departLane="best" type="veh_passenger"/>
    <trip id="veh319" depart="1869.16" from="5183081#1" to="13949345#2" departLane="best" type="veh_passenger"/>
    <trip id="veh320" depart="1875.02" from="33693780#8" to="543888898#1" departLane="best" type="veh_passenger"/>
    <trip id="veh321" depart="1880.88" from="868387355" to="24035647#2" departLane="best" type="veh_passenger"/>
    <trip id="veh322" depart="1886.73" from="-1227184777#0" to="24035649#4" departLane="best" type="veh_passenger"/>
    <trip id="veh323" depart="1892.59" from="24232448#0" to="550432841#1" departLane="best" type="veh_passenger"/>
    <trip id="veh324" depart="1898.45" from="548370029" to="149233866#1" departLane="best" type="veh_passenger"/>
    <trip id="veh325" depart="1904.31" from="15676559#1" to="15677510#3" departLane="best" type="veh_passenger"/>
    <trip id="veh326" depart="1910.17" from="33693225" to="-332455386" departLane="best" type="veh_passenger"/>
    <trip id="veh327" depart="1916.03" from="14389214#2" to="860373105#1" departLane="best" type="veh_passenger"/>
    <trip id="veh328" depart="1921.89" from="10418288#3" to="4481729#0" departLane="best" type="veh_passenger"/>
    <trip id="veh329" depart="1927.75" from="543888807#3" to="548529066#0" departLane="best" type="veh_passenger"/>
    <trip id="veh330" depart="1933.61" from="43523176#0" to="506653387#1" departLane="best" type="veh_passenger" departSpeed="max"/>
    <trip id="veh331" depart="1939.47" from="548370028#1" to="-123288237#8" departLane="best" type="veh_passenger"/>
    <trip id="veh332" depart="1945.33" from="-1411243431" to="35162766#0" departLane="best" type="veh_passenger" departSpeed="max"/>
    <trip id="veh333" depart="1951.19" from="571372263#1" to="975977035#1" departLane="best" type="veh_passenger"/>
    <trip id="veh334" depart="1957.05" from="4479820#1" to="147692718" departLane="best" type="veh_passenger"/>
    <trip id="veh335" depart="1962.91" from="-14947691#7" to="35162769#2" departLane="best" type="veh_passenger"/>
    <trip id="veh336" depart="1968.77" from="548370028#1" to="14947691#2" departLane="best" type="veh_passenger"/>
    <trip id="veh337" depart="1974.63" from="-125860016#1" to="526016665#0" departLane="best" type="veh_passenger"/>
    <trip id="veh338" depart="1980.49" from="-576864697" to="1364502044" departLane="best" type="veh_passenger"/>
    <trip id="veh339" depart="1986.35" from="-25614745#2" to="26127384#3" departLane="best" type="veh_passenger" departSpeed="max"/>
    <trip id="veh340" depart="1992.20" from="23920557#1" to="526016665#0" departLane="best" type="veh_passenger"/>
    <trip id="veh341" depart="1998.06" from="-31020419#2" to="-147633774#0" departLane="best" type="veh_passenger" departSpeed="max"/>
    <trip id="veh342" depart="2003.92" from="548134627#2" to="33694486#1" departLane="best" type="veh_passenger"/>
    <trip id="veh343" depart="2009.78" from="-526016665#1" to="601313558#0" departLane="best" type="veh_passenger" departSpeed="max"/>
    <trip id="veh344" depart="2015.64" from="-25614745#2" to="15801814#2" departLane="best" type="veh_passenger" departSpeed="max"/>
    <trip id="veh345" depart="2021.50" from="-543888808" to="-651999512#1" departLane="best" type="veh_passenger"/>
    <trip id="veh346" depart="2027.36" from="-1055373034#5" to="534546682#1" departLane="best" type="veh_passenger" departSpeed="max"/>
    <trip id="veh347" depart="2033.22" from="550432841#1" to="4393002#4" departLane="best" type="veh_passenger"/>
    <trip id="veh348" depart="2039.08" from="-27390441" to="149255258#1" departLane="best" type="veh_passenger" departSpeed="max"/>
    <trip id="veh349" depart="2044.94" from="1042405420#0" to="332455377#7" departLane="best" type="veh_passenger"/>
    <trip id="veh350" depart="2050.80" from="332455377#7" to="146978661#1" departLane="best" type="veh_passenger"/>
    <trip id="veh351" depart="2056.66" from="-543129612#0" to="548370031#2" departLane="best" type="veh_passenger"/>
    <trip id="veh352" depart="2062.52" from="-4393002#7" to="13949338#2" departLane="best" type="veh_passenger"/>
    <trip id="veh353" depart="2068.38" from="146778074#1" to="-559462250#1" departLane="best" type="veh_passenger"/>
    <trip id="veh354" depart="2074.24" from="23920557#9" to="31020419#2" departLane="best" type="veh_passenger"/>
    <trip id="veh355" depart="2080.10" from="942456034#1" to="1042405420#0" departLane="best" type="veh_passenger"/>
    <trip id="veh356" depart="2085.96" from="86145639#1" to="43068084#0" departLane="best" type="veh_passenger"/>
    <trip id="veh357" depart="2091.81" from="-549356141#1" to="29077447#2" departLane="best" type="veh_passenger"/>
    <trip id="veh358" depart="2097.67" from="374407129#3" to="4730409#2" departLane="best" type="veh_passenger"/>
    <trip id="veh359" depart="2103.53" from="-559462248#0" to="526016665#0" departLane="best" type="veh_passenger"/>
    <trip id="veh360" depart="2109.39" from="27405403#0" to="123288237#6" departLane="best" type="veh_passenger"/>
    <trip id="veh361" depart="2115.25" from="332455377#1" to="33694486#2" departLane="best" type="veh_passenger"/>
    <trip id="veh362" depart="2121.11" from="341018763#4" to="4495265#8" departLane="best" type="veh_passenger"/>
    <trip id="veh363" depart="2126.97" from="33693780#4" to="548134627#2" departLane="best" type="veh_passenger"/>
    <trip id="veh364" depart="2132.83" from="31020072#1" to="576864697" departLane="best" type="veh_passenger"/>
    <trip id="veh365" depart="2138.69" from="332455400" to="10678336#1" departLane="best" type="veh_passenger"/>
    <trip id="veh366" depart="2144.55" from="138424023#1" to="32120551" departLane="best" type="veh_passenger"/>
    <trip id="veh367" depart="2150.41" from="4376121#0" to="-14947691#0" departLane="best" type="veh_passenger" departSpeed="max"/>
    <trip id="veh368" depart="2156.27" from="-5772335#2" to="4730416#0" departLane="best" type="veh_passenger"/>
    <trip id="veh369" depart="2162.13" from="-332455382#2" to="-24978203#0" departLane="best" type="veh_passenger" departSpeed="max"/>
    <trip id="veh370" depart="2167.99" from="15801863#1" to="860373107#0" departLane="best" type="veh_passenger"/>
    <trip id="veh371" depart="2173.85" from="15677510#3" to="601313558#0" departLane="best" type="veh_passenger"/>
    <trip id="veh372" depart="2179.71" from="526016643#1" to="-792703542#1" departLane="best" type="veh_passenger"/>
    <trip id="veh373" depart="2185.57" from="525958045#2" to="218931349#1" departLane="best" type="veh_passenger"/>
    <trip id="veh374" depart="2191.43" from="506482101#0" to="4730409#2" departLane="best" type="veh_passenger"/>
    <trip id="veh375" depart="2197.28" from="10418288#3" to="-23920557#5" departLane="best" type="veh_passenger"/>
    <trip id="veh376" depart="2203.14" from="817867132#2" to="-28630236#0" departLane="best" type="veh_passenger"/>
    <trip id="veh377" depart="2209.00" from="43525659#0" to="86145639#4" departLane="best" type="veh_passenger"/>
    <trip id="veh378" depart="2214.86" from="854904053" to="534546682#1" departLane="best" type="veh_passenger"/>
    <trip id="veh379" depart="2220.72" from="1147015971#1" to="526016665#0" departLane="best" type="veh_passenger"/>
    <trip id="veh380" depart="2226.58" from="33819458#1" to="332455377#0" departLane="best" type="veh_passenger"/>
    <trip id="veh381" depart="2232.44" from="521441691#1" to="651999512#2" departLane="best" type="veh_passenger"/>
    <trip id="veh382" depart="2238.30" from="-208809259#3" to="-559462246#1" departLane="best" type="veh_passenger"/>
    <trip id="veh383" depart="2244.16" from="-1078174821" to="559462255#1" departLane="best" type="veh_passenger"/>
    <trip id="veh384" depart="2250.02" from="218931349#1" to="60447876" departLane="best" type="veh_passenger"/>
    <trip id="veh385" depart="2255.88" from="-601313557#2" to="14389891#3" departLane="best" type="veh_passenger"/>
    <trip id="veh386" depart="2261.74" from="-248669682#1" to="75528930#2" departLane="best" type="veh_passenger"/>
    <trip id="veh387" depart="2267.60" from="-24232449#0" to="15676559#4" departLane="best" type="veh_passenger"/>
    <trip id="veh388" depart="2273.46" from="33695352#2" to="4730409#2" departLane="best" type="veh_passenger"/>
    <trip id="veh389" depart="2279.32" from="69537613" to="146977152#0" departLane="best" type="veh_passenger"/>
    <trip id="veh390" depart="2285.18" from="4398897" to="-332455386" departLane="best" type="veh_passenger"/>
    <trip id="veh391" depart="2291.04" from="125860019#8" to="-15677510#2" departLane="best" type="veh_passenger"/>
    <trip id="veh392" depart="2296.89" from="146978660#0" to="14389891#3" departLane="best" type="veh_passenger"/>
    <trip id="veh393" depart="2302.75" from="1163565846#1" to="14947691#1" departLane="best" type="veh_passenger"/>
    <trip id="veh394" depart="2308.61" from="75528934#0" to="548370036" departLane="best" type="veh_passenger"/>
    <trip id="veh395" depart="2314.47" from="-156494867#1" to="4440330#1" departLane="best" type="veh_passenger"/>
    <trip id="veh396" depart="2320.33" from="10750844#1" to="1419963610#0" departLane="best" type="veh_passenger"/>
    <trip id="veh397" depart="2326.19" from="543698048#0" to="15677258#1" departLane="best" type="veh_passenger"/>
    <trip id="veh398" depart="2332.05" from="248669683" to="-1168931399#1" departLane="best" type="veh_passenger"/>
    <trip id="veh399" depart="2337.91" from="4627817#0" to="-571372263#0" departLane="best" type="veh_passenger" departSpeed="max"/>
    <trip id="veh400" depart="2343.77" from="-24035649#1" to="29077447#1" departLane="best" type="veh_passenger"/>
    <trip id="veh401" depart="2349.63" from="-4398888#1" to="-543888898#0" departLane="best" type="veh_passenger" departSpeed="max"/>
    <trip id="veh402" depart="2355.49" from="548134627#1" to="1168931394#1" departLane="best" type="veh_passenger"/>
    <trip id="veh403" depart="2361.35" from="-26127384#3" to="576862392#6" departLane="best" type="veh_passenger"/>
    <trip id="veh404" depart="2367.21" from="-101482633#2" to="548529065" departLane="best" type="veh_passenger" departSpeed="max"/>
    <trip id="veh405" depart="2373.07" from="-25614745#2" to="-248669680" departLane="best" type="veh_passenger" departSpeed="max"/>
    <trip id="veh406" depart="2378.93" from="-543698042" to="-4375012" departLane="best" type="veh_passenger"/>
    <trip id="veh407" depart="2384.79" from="33693780#6" to="-11916106#1" departLane="best" type="veh_passenger"/>
    <trip id="veh408" depart="2390.65" from="-1056215011#1" to="526016665#0" departLane="best" type="veh_passenger" departSpeed="max"/>
    <trip id="veh409" depart="2396.50" from="-332455382#1" to="-13949345#1" departLane="best" type="veh_passenger"/>
    <trip id="veh410" depart="2402.36" from="4398897" to="248669680" departLane="best" type="veh_passenger"/>
    <trip id="veh411" depart="2408.22" from="4576428#0" to="24444507#1" departLane="best" type="veh_passenger"/>
    <trip id="veh412" depart="2414.08" from="69537613" to="-12618874#0" departLane="best" type="veh_passenger"/>
    <trip id="veh413" depart="2419.94" from="4592656#1" to="550432837#0" departLane="best" type="veh_passenger"/>
    <trip id="veh414" depart="2425.80" from="156494867#2" to="15677510#5" departLane="best" type="veh_passenger"/>
    <trip id="veh415" depart="2431.66" from="82086620#1" to="-145204590#0" departLane="best" type="veh_passenger"/>
    <trip id="veh416" depart="2437.52" from="374407129#3" to="23920557#5" departLane="best" type="veh_passenger"/>
    <trip id="veh417" depart="2443.38" from="559462255#1" to="-146977950#1" departLane="best" type="veh_passenger"/>
    <trip id="veh418" depart="2449.24" from="-146778067#0" to="33693780#1" departLane="best" type="veh_passenger"/>
    <trip id="veh419" depart="2455.10" from="331553004#1" to="27390441" departLane="best" type="veh_passenger"/>
    <trip id="veh420" depart="2460.96" from="-86145639#4" to="968872143" departLane="best" type="veh_passenger"/>
    <trip id="veh421" depart="2466.82" from="15677510#2" to="15676559#4" departLane="best" type="veh_passenger"/>
    <trip id="veh422" depart="2472.68" from="27361247" to="-15677510#3" departLane="best" type="veh_passenger"/>
    <trip id="veh423" depart="2478.54" from="395173268#0" to="548370035#0" departLane="best" type="veh_passenger" departSpeed="max"/>
    <trip id="veh424" depart="2484.40" from="334810149#1" to="521240513#3" departLane="best" type="veh_passenger"/>
    <trip id="veh425" depart="2490.26" from="13949349#1" to="-549356141#1" departLane="best" type="veh_passenger"/>
    <trip id="veh426" depart="2496.12" from="12618874#1" to="-156494867#1" departLane="best" type="veh_passenger"/>
    <trip id="veh427" depart="2501.97" from="136125313#2" to="4375012" departLane="best" type="veh_passenger"/>
    <trip id="veh428" depart="2507.83" from="1163566969#1" to="-332455381" departLane="best" type="veh_passenger"/>
    <trip id="veh429" depart="2513.69" from="576862387#1" to="-146778067#0" departLane="best" type="veh_passenger"/>
    <trip id="veh430" depart="2519.55" from="526016652#1" to="-14947691#6" departLane="best" type="veh_passenger"/>
    <trip id="veh431" depart="2525.41" from="-14947691#2" to="4730408#3" departLane="best" type="veh_passenger"/>
    <trip id="veh432" depart="2531.27" from="5183081#1" to="28373092#1" departLane="best" type="veh_passenger"/>
    <trip id="veh433" depart="2537.13" from="24232446#4" to="284105538" departLane="best" type="veh_passenger"/>
    <trip id="veh434" depart="2542.99" from="-942285773#0" to="-24154402#3" departLane="best" type="veh_passenger"/>
    <trip id="veh435" depart="2548.85" from="4480948#0" to="550432838#1" departLane="best" type="veh_passenger"/>
    <trip id="veh436" depart="2554.71" from="26127384#1" to="123288237#3" departLane="best" type="veh_passenger"/>
    <trip id="veh437" depart="2560.57" from="24154402#2" to="-543129619#0" departLane="best" type="veh_passenger"/>
    <trip id="veh438" depart="2566.43" from="33693780#2" to="-548370033#1" departLane="best" type="veh_passenger"/>
    <trip id="veh439" depart="2572.29" from="-208809259#3" to="548370031#2" departLane="best" type="veh_passenger"/>
    <trip id="veh440" depart="2578.15" from="1163544454" to="5074558#4" departLane="best" type="veh_passenger" departSpeed="max"/>
    <trip id="veh441" depart="2584.01" from="543698012#0" to="86145635#2" departLane="best" type="veh_passenger"/>
    <trip id="veh442" depart="2589.87" from="521436340#1" to="33693780#6" departLane="best" type="veh_passenger"/>
    <trip id="veh443" depart="2595.73" from="395173268#0" to="10678336#1" departLane="best" type="veh_passenger" departSpeed="max"/>
    <trip id="veh444" depart="2601.58" from="10418321#1" to="-1055373034#4" departLane="best" type="veh_passenger"/>
    <trip id="veh445" depart="2607.44" from="548134627#2" to="29077447#2" departLane="best" type="veh_passenger"/>
    <trip id="veh446" depart="2613.30" from="1192355872#0" to="-28630236#1" departLane="best" type="veh_passenger"/>
    <trip id="veh447" depart="2619.16" from="331553004#1" to="-11943595#0" departLane="best" type="veh_passenger"/>
    <trip id="veh448" depart="2625.02" from="4479820#1" to="-543888847#0" departLane="best" type="veh_passenger"/>
    <trip id="veh449" depart="2630.88" from="1322481692" to="11916106#1" departLane="best" type="veh_passenger"/>
    <trip id="veh450" depart="2636.74" from="1163565846#1" to="4495265#9" departLane="best" type="veh_passenger"/>
    <trip id="veh451" depart="2642.60" from="4572161#0" to="295864510#2" departLane="best" type="veh_passenger"/>
    <trip id="veh452" depart="2648.46" from="-146977950#3" to="-13949345#2" departLane="best" type="veh_passenger"/>
    <trip id="veh453" depart="2654.32" from="-27361348#1" to="33693799#1" departLane="best" type="veh_passenger" departSpeed="max"/>
    <trip id="veh454" depart="2660.18" from="341018763#0" to="-871499634" departLane="best" type="veh_passenger"/>
    <trip id="veh455" depart="2666.04" from="33693780#6" to="23920557#1" departLane="best" type="veh_passenger"/>
    <trip id="veh456" depart="2671.90" from="138424023#2" to="-89416308#0" departLane="best" type="veh_passenger"/>
    <trip id="veh457" depart="2677.76" from="4483927#0" to="-23920557#4" departLane="best" type="veh_passenger" departSpeed="max"/>
    <trip id="veh458" depart="2683.62" from="35162766#0" to="23920557#2" departLane="best" type="veh_passenger"/>
    <trip id="veh459" depart="2689.48" from="33694459#3" to="-1344040643" departLane="best" type="veh_passenger"/>
    <trip id="veh460" depart="2695.34" from="11917063" to="332455401#0" departLane="best" type="veh_passenger" departSpeed="max"/>
    <trip id="veh461" depart="2701.20" from="-4440330#2" to="-27405403#0" departLane="best" type="veh_passenger" departSpeed="max"/>
    <trip id="veh462" depart="2707.05" from="-1055373034#2" to="4730416#0" departLane="best" type="veh_passenger"/>
    <trip id="veh463" depart="2712.91" from="-332455382#2" to="138424023#1" departLane="best" type="veh_passenger" departSpeed="max"/>
    <trip id="veh464" depart="2718.77" from="395173268#0" to="24035649#4" departLane="best" type="veh_passenger" departSpeed="max"/>
    <trip id="veh465" depart="2724.63" from="-141885660#2" to="549020386#0" departLane="best" type="veh_passenger"/>
    <trip id="veh466" depart="2730.49" from="-123288237#2" to="-11667106#1" departLane="best" type="veh_passenger"/>
    <trip id="veh467" depart="2736.35" from="571372263#1" to="549020386#1" departLane="best" type="veh_passenger"/>
    <trip id="veh468" depart="2742.21" from="24035649#3" to="31020419#2" departLane="best" type="veh_passenger"/>
    <trip id="veh469" depart="2748.07" from="408534466#0" to="146778074#4" departLane="best" type="veh_passenger"/>
    <trip id="veh470" depart="2753.93" from="-23920557#2" to="-1168931399#1" departLane="best" type="veh_passenger"/>
    <trip id="veh471" depart="2759.79" from="-86145639#4" to="532158277#1" departLane="best" type="veh_passenger"/>
    <trip id="veh472" depart="2765.65" from="28630236#1" to="548134623#1" departLane="best" type="veh_passenger"/>
    <trip id="veh473" depart="2771.51" from="571372263#0" to="-14947682" departLane="best" type="veh_passenger" departSpeed="max"/>
    <trip id="veh474" depart="2777.37" from="543698012#0" to="-571372263#0" departLane="best" type="veh_passenger"/>
    <trip id="veh475" depart="2783.23" from="24232447#0" to="24701199#1" departLane="best" type="veh_passenger" departSpeed="max"/>
    <trip id="veh476" depart="2789.09" from="11917063" to="10678336#3" departLane="best" type="veh_passenger" departSpeed="max"/>
    <trip id="veh477" depart="2794.95" from="10418288#4" to="1169055177#0" departLane="best" type="veh_passenger"/>
    <trip id="veh478" depart="2800.81" from="-23920557#1" to="24232446#4" departLane="best" type="veh_passenger"/>
    <trip id="veh479" depart="2806.66" from="559462248#1" to="123288237#10" departLane="best" type="veh_passenger"/>
    <trip id="veh480" depart="2812.52" from="4376121#0" to="543888833#1" departLane="best" type="veh_passenger" departSpeed="max"/>
    <trip id="veh481" depart="2818.38" from="27014785#0" to="506653388" departLane="best" type="veh_passenger"/>
    <trip id="veh482" depart="2824.24" from="33693780#1" to="-4393002#12" departLane="best" type="veh_passenger"/>
    <trip id="veh483" depart="2830.10" from="4495264#1" to="24035647#1" departLane="best" type="veh_passenger"/>
    <trip id="veh484" depart="2835.96" from="4483927#0" to="506653387#1" departLane="best" type="veh_passenger" departSpeed="max"/>
    <trip id="veh485" depart="2841.82" from="13949345#1" to="6068757" departLane="best" type="veh_passenger"/>
    <trip id="veh486" depart="2847.68" from="221220159#0" to="35265094#0" departLane="best" type="veh_passenger"/>
    <trip id="veh487" depart="2853.54" from="30748799" to="549356141#1" departLane="best" type="veh_passenger"/>
    <trip id="veh488" depart="2859.40" from="-1411243431" to="149255265#1" departLane="best" type="veh_passenger" departSpeed="max"/>
    <trip id="veh489" depart="2865.26" from="-601313557#2" to="-92142139" departLane="best" type="veh_passenger"/>
    <trip id="veh490" depart="2871.12" from="-128840098#1" to="24232445#1" departLane="best" type="veh_passenger" departSpeed="max"/>
    <trip id="veh491" depart="2876.98" from="-1344040643" to="548134623#1" departLane="best" type="veh_passenger"/>
    <trip id="veh492" depart="2882.84" from="543888847#0" to="33693780#7" departLane="best" type="veh_passenger"/>
    <trip id="veh493" depart="2888.70" from="148349696#0" to="15801838#0" departLane="best" type="veh_passenger"/>
    <trip id="veh494" depart="2894.56" from="549356141#1" to="15676292#2" departLane="best" type="veh_passenger"/>
    <trip id="veh495" depart="2900.42" from="5074558#1" to="398028000#1" departLane="best" type="veh_passenger"/>
    <trip id="veh496" depart="2906.27" from="-27361348#1" to="-145204590#0" departLane="best" type="veh_passenger" departSpeed="max"/>
    <trip id="veh497" depart="2912.13" from="-15677510#3" to="576862392#6" departLane="best" type="veh_passenger"/>
    <trip id="veh498" depart="2917.99" from="10419081#0" to="4495263#7" departLane="best" type="veh_passenger"/>
    <trip id="veh499" depart="2923.85" from="147759323#4" to="-43525659#0" departLane="best" type="veh_passenger"/>
    <trip id="veh500" depart="2929.71" from="-532158278#0" to="147759326#1" departLane="best" type="veh_passenger"/>
    <trip id="veh501" depart="2935.57" from="1367076582#0" to="24701197" departLane="best" type="veh_passenger"/>
    <trip id="veh502" depart="2941.43" from="-559462245" to="14389891#3" departLane="best" type="veh_passenger" departSpeed="max"/>
    <trip id="veh503" depart="2947.29" from="4627818#1" to="38892916#7" departLane="best" type="veh_passenger"/>
    <trip id="veh504" depart="2953.15" from="-1411243431" to="-156494867#0" departLane="best" type="veh_passenger" departSpeed="max"/>
    <trip id="veh505" depart="2959.01" from="35162766#0" to="101482634" departLane="best" type="veh_passenger"/>
    <trip id="veh506" depart="2964.87" from="43525657#2" to="423368254#0" departLane="best" type="veh_passenger"/>
    <trip id="veh507" depart="2970.73" from="559462249" to="559462245" departLane="best" type="veh_passenger"/>
    <trip id="veh508" depart="2976.59" from="101482632#1" to="332455374#0" departLane="best" type="veh_passenger"/>
    <trip id="veh509" depart="2982.45" from="-24978203#0" to="123288237#10" departLane="best" type="veh_passenger"/>
    <trip id="veh510" depart="2988.31" from="854904053" to="4495228#2" departLane="best" type="veh_passenger"/>
    <trip id="veh511" depart="2994.17" from="11916106#0" to="332455398#0" departLane="best" type="veh_passenger"/>
    <trip id="veh512" depart="3000.03" from="1165309879#1" to="526016665#0" departLane="best" type="veh_passenger"/>
    <trip id="veh513" depart="3005.89" from="52008411#1" to="4376124" departLane="best" type="veh_passenger"/>
    <trip id="veh514" depart="3011.74" from="374407129#2" to="248669680" departLane="best" type="veh_passenger"/>
    <trip id="veh515" depart="3017.60" from="332455400" to="146978660#0" departLane="best" type="veh_passenger"/>
    <trip id="veh516" depart="3023.46" from="1113744422#3" to="1264561679#0" departLane="best" type="veh_passenger"/>
    <trip id="veh517" depart="3029.32" from="722646198" to="23920557#1" departLane="best" type="veh_passenger"/>
    <trip id="veh518" depart="3035.18" from="-4576428#1" to="-27405403#0" departLane="best" type="veh_passenger" departSpeed="max"/>
    <trip id="veh519" depart="3041.04" from="-145204590#1" to="548370030#0" departLane="best" type="veh_passenger"/>
    <trip id="veh520" depart="3046.90" from="-15677258#1" to="521436340#1" departLane="best" type="veh_passenger"/>
    <trip id="veh521" depart="3052.76" from="526016662#0" to="559462254#1" departLane="best" type="veh_passenger"/>
    <trip id="veh522" depart="3058.62" from="-122970112#1" to="1169386967" departLane="best" type="veh_passenger"/>
    <trip id="veh523" depart="3064.48" from="4495236#1" to="-24978194#0" departLane="best" type="veh_passenger"/>
    <trip id="veh524" depart="3070.34" from="1165309879#1" to="-35162767#0" departLane="best" type="veh_passenger"/>
    <trip id="veh525" depart="3076.20" from="526016651" to="521436340#1" departLane="best" type="veh_passenger"/>
    <trip id="veh526" depart="3082.06" from="1364502044" to="145204590#0" departLane="best" type="veh_passenger"/>
    <trip id="veh527" depart="3087.92" from="341018763#3" to="-559462250#1" departLane="best" type="veh_passenger"/>
    <trip id="veh528" depart="3093.78" from="138424035#3" to="1019984136#1" departLane="best" type="veh_passenger"/>
    <trip id="veh529" depart="3099.64" from="4479836#3" to="15675937#0" departLane="best" type="veh_passenger"/>
    <trip id="veh530" depart="3105.50" from="15801814#0" to="10678336#2" departLane="best" type="veh_passenger"/>
    <trip id="veh531" depart="3111.35" from="722646198" to="92142136" departLane="best" type="veh_passenger"/>
    <trip id="veh532" depart="3117.21" from="1419963610#1" to="101482633#2" departLane="best" type="veh_passenger"/>
    <trip id="veh533" depart="3123.07" from="82086621#4" to="543888807#3" departLane="best" type="veh_passenger"/>
    <trip id="veh534" depart="3128.93" from="4803560#0" to="-27405403#0" departLane="best" type="veh_passenger" departSpeed="max"/>
    <trip id="veh535" depart="3134.79" from="548370029" to="28128202#4" departLane="best" type="veh_passenger"/>
    <trip id="veh536" depart="3140.65" from="-15677510#1" to="548370031#2" departLane="best" type="veh_passenger"/>
    <trip id="veh537" depart="3146.51" from="543888806#0" to="1019984136#1" departLane="best" type="veh_passenger"/>
    <trip id="veh538" depart="3152.37" from="4495229#5" to="-871499634" departLane="best" type="veh_passenger"/>
    <trip id="veh539" depart="3158.23" from="559462248#1" to="-31017529#0" departLane="best" type="veh_passenger"/>
    <trip id="veh540" depart="3164.09" from="-4495236#1" to="15676320#1" departLane="best" type="veh_passenger"/>
    <trip id="veh541" depart="3169.95" from="1055373034#2" to="-11917063" departLane="best" type="veh_passenger"/>
    <trip id="veh542" depart="3175.81" from="-1264561679#0" to="24035649#4" departLane="best" type="veh_passenger"/>
    <trip id="veh543" depart="3181.67" from="1163566969#1" to="-11917063" departLane="best" type="veh_passenger"/>
    <trip id="veh544" depart="3187.53" from="5772448#0" to="548134656" departLane="best" type="veh_passenger"/>
    <trip id="veh545" depart="3193.39" from="-248669678#0" to="4495229#5" departLane="best" type="veh_passenger"/>
    <trip id="veh546" depart="3199.25" from="13949338#2" to="-1055373034#2" departLane="best" type="veh_passenger"/>
    <trip id="veh547" depart="3205.11" from="-146545821#0" to="-722646198" departLane="best" type="veh_passenger"/>
    <trip id="veh548" depart="3210.97" from="526016662#0" to="27390441" departLane="best" type="veh_passenger"/>
    <trip id="veh549" depart="3216.82" from="-218931349#2" to="10418288#3" departLane="best" type="veh_passenger"/>
    <trip id="veh550" depart="3222.68" from="-596103315#1" to="-134807808#0" departLane="best" type="veh_passenger"/>
    <trip id="veh551" depart="3228.54" from="1410989262" to="-23920557#2" departLane="best" type="veh_passenger"/>
    <trip id="veh552" depart="3234.40" from="559462248#1" to="332455398#1" departLane="best" type="veh_passenger"/>
    <trip id="veh553" depart="3240.26" from="-526016665#1" to="-295864510#2" departLane="best" type="veh_passenger" departSpeed="max"/>
    <trip id="veh554" depart="3246.12" from="1364281503" to="33693780#7" departLane="best" type="veh_passenger" departSpeed="max"/>
    <trip id="veh555" depart="3251.98" from="-526016665#1" to="146778072#1" departLane="best" type="veh_passenger" departSpeed="max"/>
    <trip id="veh556" depart="3257.84" from="33693780#8" to="-14947682" departLane="best" type="veh_passenger"/>
    <trip id="veh557" depart="3263.70" from="86145635#1" to="-146778067#1" departLane="best" type="veh_passenger"/>
    <trip id="veh558" depart="3269.56" from="15676559#1" to="24232445#1" departLane="best" type="veh_passenger"/>
    <trip id="veh559" depart="3275.42" from="942285780" to="28128202#4" departLane="best" type="veh_passenger"/>
    <trip id="veh560" depart="3281.28" from="1169386967" to="198488290#0" departLane="best" type="veh_passenger"/>
    <trip id="veh561" depart="3287.14" from="332455374#2" to="871499634" departLane="best" type="veh_passenger"/>
    <trip id="veh562" depart="3293.00" from="4627818#0" to="1199392922#1" departLane="best" type="veh_passenger"/>
    <trip id="veh563" depart="3298.86" from="4376121#0" to="341018763#3" departLane="best" type="veh_passenger" departSpeed="max"/>
    <trip id="veh564" depart="3304.72" from="4495263#6" to="4687935#1" departLane="best" type="veh_passenger"/>
    <trip id="veh565" depart="3310.58" from="-942456034#2" to="-12618874#2" departLane="best" type="veh_passenger"/>
    <trip id="veh566" depart="3316.43" from="-332455382#2" to="526016615#0" departLane="best" type="veh_passenger" departSpeed="max"/>
    <trip id="veh567" depart="3322.29" from="331552998#1" to="543698047" departLane="best" type="veh_passenger"/>
    <trip id="veh568" depart="3328.15" from="-13949345#1" to="525958045#1" departLane="best" type="veh_passenger"/>
    <trip id="veh569" depart="3334.01" from="1411243432#1" to="10419238#1" departLane="best" type="veh_passenger"/>
    <trip id="veh570" depart="3339.87" from="-123288237#6" to="-4803560#0" departLane="best" type="veh_passenger"/>
    <trip id="veh571" depart="3345.73" from="-123288237#10" to="623571872" departLane="best" type="veh_passenger" departSpeed="max"/>
    <trip id="veh572" depart="3351.59" from="14947691#0" to="942285780" departLane="best" type="veh_passenger" departSpeed="max"/>
    <trip id="veh573" depart="3357.45" from="4483815" to="-4495236#0" departLane="best" type="veh_passenger"/>
    <trip id="veh574" depart="3363.31" from="10678336#2" to="526016618#1" departLane="best" type="veh_passenger"/>
    <trip id="veh575" depart="3369.17" from="548529065" to="4730409#2" departLane="best" type="veh_passenger"/>
    <trip id="veh576" depart="3375.03" from="549178423#0" to="13949345#3" departLane="best" type="veh_passenger"/>
    <trip id="veh577" depart="3380.89" from="860373108#0" to="24035647#2" departLane="best" type="veh_passenger"/>
    <trip id="veh578" depart="3386.75" from="147636164#1" to="6068757" departLane="best" type="veh_passenger"/>
    <trip id="veh579" depart="3392.61" from="14947691#6" to="532158277#1" departLane="best" type="veh_passenger"/>
    <trip id="veh580" depart="3398.47" from="27014785#0" to="544415710#1" departLane="best" type="veh_passenger"/>
    <trip id="veh581" depart="3404.33" from="-146545821#1" to="43525657#1" departLane="best" type="veh_passenger"/>
    <trip id="veh582" depart="3410.19" from="-623571872" to="334810149#1" departLane="best" type="veh_passenger" departSpeed="max"/>
    <trip id="veh583" depart="3416.04" from="136125313#1" to="4479836#2" departLane="best" type="veh_passenger"/>
    <trip id="veh584" depart="3421.90" from="1056215011#1" to="-125860019#7" departLane="best" type="veh_passenger"/>
    <trip id="veh585" depart="3427.76" from="975977035#2" to="-92142133" departLane="best" type="veh_passenger"/>
    <trip id="veh586" depart="3433.62" from="-14389891#3" to="374407129#2" departLane="best" type="veh_passenger" departSpeed="max"/>
    <trip id="veh587" depart="3439.48" from="112168955#2" to="532158277#1" departLane="best" type="veh_passenger"/>
    <trip id="veh588" depart="3445.34" from="35162767#0" to="7972686#0" departLane="best" type="veh_passenger"/>
    <trip id="veh589" depart="3451.20" from="-25614745#1" to="33693780#1" departLane="best" type="veh_passenger"/>
    <trip id="veh590" depart="3457.06" from="4576433#0" to="-123288237#3" departLane="best" type="veh_passenger" departSpeed="max"/>
    <trip id="veh591" depart="3462.92" from="-1411243431" to="525958045#3" departLane="best" type="veh_passenger" departSpeed="max"/>
    <trip id="veh592" depart="3468.78" from="1163500949#2" to="138424035#2" departLane="best" type="veh_passenger"/>
    <trip id="veh593" depart="3474.64" from="23920557#3" to="334810150#3" departLane="best" type="veh_passenger"/>
    <trip id="veh594" depart="3480.50" from="35162766#0" to="77078537#0" departLane="best" type="veh_passenger"/>
    <trip id="veh595" depart="3486.36" from="1163565846#3" to="5183081#1" departLane="best" type="veh_passenger"/>
    <trip id="veh596" depart="3492.22" from="24035649#0" to="25614745#1" departLane="best" type="veh_passenger"/>
    <trip id="veh597" depart="3498.08" from="11917063" to="38892916#7" departLane="best" type="veh_passenger" departSpeed="max"/>
    <trip id="veh598" depart="3503.94" from="-536841066" to="-23920557#4" departLane="best" type="veh_passenger"/>
    <trip id="veh599" depart="3509.80" from="43815230#0" to="24035649#2" departLane="best" type="veh_passenger"/>
    <trip id="veh600" depart="3515.66" from="1169386961" to="284105538" departLane="best" type="veh_passenger"/>
    <trip id="veh601" depart="3521.51" from="13949338#0" to="970871269#0" departLane="best" type="veh_passenger" departSpeed="max"/>
    <trip id="veh602" depart="3527.37" from="-559462246#1" to="60447877" departLane="best" type="veh_passenger"/>
    <trip id="veh603" depart="3533.23" from="146978662#1" to="-24154403#0" departLane="best" type="veh_passenger"/>
    <trip id="veh604" depart="3539.09" from="543888830#1" to="15676559#2" departLane="best" type="veh_passenger"/>
    <trip id="veh605" depart="3544.95" from="550432837#0" to="14947691#6" departLane="best" type="veh_passenger"/>
    <trip id="veh606" depart="3550.81" from="-146978661#2" to="4398951#0" departLane="best" type="veh_passenger" departSpeed="max"/>
    <trip id="veh607" depart="3556.67" from="543698042" to="1163565846#1" departLane="best" type="veh_passenger"/>
    <trip id="veh608" depart="3562.53" from="1051820108#1" to="-145204590#2" departLane="best" type="veh_passenger"/>
    <trip id="veh609" depart="3568.39" from="543888806#0" to="4495263#3" departLane="best" type="veh_passenger"/>
    <trip id="veh610" depart="3574.25" from="576862393#2" to="374407129#2" departLane="best" type="veh_passenger"/>
    <trip id="veh611" depart="3580.11" from="4730408#3" to="24232446#1" departLane="best" type="veh_passenger"/>
    <trip id="veh612" depart="3585.97" from="-23920557#9" to="-4803560#0" departLane="best" type="veh_passenger"/>
    <trip id="veh613" depart="3591.83" from="-248669678#0" to="526016665#0" departLane="best" type="veh_passenger"/>
    <trip id="veh614" depart="3597.69" from="-1113744422#0" to="28128202#3" departLane="best" type="veh_passenger"/>
</routes>
