<?xml version="1.0" encoding="UTF-8"?>

<!-- generated on 2025-10-04 17:13:11 by Eclipse SUMO GUI Version 1.24.0
<sumoConfiguration xmlns:xsi="http://www.w3.org/2001/XMLSchema-instance" xsi:noNamespaceSchemaLocation="http://sumo.dlr.de/xsd/sumoConfiguration.xsd">

    <input>
        <net-file value="C:\Users\visco\Sumo\2025-10-04-17-12-56\osm.net.xml.gz"/>
        <route-files value="C:\Users\visco\Sumo\2025-10-04-17-12-56\osm.passenger.trips.xml"/>
        <additional-files value="C:\Users\visco\Sumo\2025-10-04-17-12-56\output.add.xml"/>
    </input>

    <output>
        <tripinfo-output value="C:\Users\visco\Sumo\2025-10-04-17-12-56\tripinfos.xml"/>
        <statistic-output value="C:\Users\visco\Sumo\2025-10-04-17-12-56\stats.xml"/>
    </output>

    <processing>
        <ignore-route-errors value="true"/>
        <tls.actuated.jam-threshold value="30"/>
    </processing>

    <routing>
        <device.rerouting.adaptation-steps value="18"/>
        <device.rerouting.adaptation-interval value="10"/>
    </routing>

    <report>
        <verbose value="true"/>
        <duration-log.statistics value="true"/>
        <no-step-log value="true"/>
    </report>

    <gui_only>
        <gui-settings-file value="C:\Users\visco\Sumo\2025-10-04-17-12-56\osm.view.xml"/>
    </gui_only>

</sumoConfiguration>
-->

<statistics xmlns:xsi="http://www.w3.org/2001/XMLSchema-instance" xsi:noNamespaceSchemaLocation="http://sumo.dlr.de/xsd/statistic_file.xsd">
    <performance clockBegin="288452.51" clockEnd="291656.62" clockDuration="3204.11" traciDuration="0.00" realTimeFactor="0.00" vehicleUpdatesPerSecond="0.00" personUpdatesPerSecond="0.00" begin="0.00" end="0.00" duration="0.00"/>
    <vehicles loaded="2" inserted="0" running="0" waiting="0"/>
    <teleports total="0" jam="0" yield="0" wrongLane="0"/>
    <safety collisions="0" emergencyStops="0" emergencyBraking="0"/>
    <persons loaded="0" running="0" jammed="0"/>
    <personTeleports total="0" abortWait="0" wrongDest="0"/>
    <vehicleTripStatistics count="0" routeLength="0.00" speed="0.00" duration="0.00" waitingTime="0.00" timeLoss="0.00" departDelay="0.00" departDelayWaiting="-1.00" totalTravelTime="0.00" totalDepartDelay="0.00"/>
    <pedestrianStatistics number="0" routeLength="0.00" duration="0.00" timeLoss="0.00"/>
    <rideStatistics number="0"/>
    <transportStatistics number="0"/>
</statistics>
